﻿Year,Party ,Contested ,Seats Won ,Vote(%) ,Vote Count
1999,RJD ,1,0,0.73,2130
1999,LKS ,1,0,0.23,671
1999,Other parties ,2,0,3.43,10008
1999,Independents ,3,1,95.61,278977
2004,MNF,1,1,52.46,182847
2004,Independent (supported by Congress),1,0,45.67,159181
2004,EU,1,0,1.87,6518
2009,Congress,1,1,65.58,213785
2009,Other parties,1,0,1.01,3293
2009,Independents,2,0,33.41,108914
2014,Congress,1,1,48.59,210492
2014,Independent(Supported BJP),1,0,47.17,204341
2014,AAP,1,0,2.74,11870
2014,NOTA,1,0,1.5,6498
2019,MNF,1,1,44.89,224280
2019,Independent(INC),1,0,43.26,216136
2019,BJP,1,0,5.75,28728
2019,Other parties,1,0,2.67,13340
2019,Independents,2,0,2.93,14639
2019,NOTA,1,0,0.5,2498
